"title","company","city","state","country","job_type","modality","student_friendly","requirements_summary","source","source_url","posted_at","collected_date","query_term","query_loc","query_site"
"Practicante de Marketing","A&T SORTING","Saltillo","Coa","México","fulltime","On-site",True,"Apoyar en campañas de; telemarketing; , incluyendo llamadas a prospectos, seguimiento de leads y actualización de bases de datos.; Asistir en la","indeed","https://mx.indeed.com/viewjob?jk=8ba203c95526fe0b","2025-11-04","2025-11-06","practicante","Saltillo, Coahuila, Mexico","indeed"
"Manufacturing Internship","ABB","Apodaca","Nle","México","fulltime","On-site",False,"leaner and cleaner. Here, progress is an expectation \; for you, your team, and the world. As a global market leader, we’ll give you what you need to make it happen. It won’t a; Your role and responsibilities (Mandatory); In this role, you will have the opportunity to gain vocational experience thr…","indeed","https://mx.indeed.com/viewjob?jk=de2ac67a85cccc5d","2025-10-07","2025-11-06","internship","Monterrey, Nuevo Leon, Mexico","indeed"
"Manufacturing Internship","ABB","Apodaca","Nle","México","nan","On-site",False,"działać sprawniej i ekologicznie. U nas postęp to standard – dla Ciebie, Twojego zespołu i całego świata. Jako globalny; Your role and responsibilities (Mandatory); In this role, you will have the opportunity to gain vocational experience through a temporary work placement. Each day,; Assist in Pro…","indeed","https://mx.indeed.com/viewjob?jk=379bc788c459d106","2025-10-07","2025-11-06","internship","Monterrey, Nuevo Leon, Mexico","indeed"
"Practicante de Planeación","AMERICAN INDUSTRIES","Apodaca","Nle","México","fulltime","On-site",True,"Descripción de Puesto: Practicante de Logística:; Brindar apoyo al área de Planeación en las actividades relacionadas con el control de la producción, programación de mat; Requisitos del puesto:; Estudiante activo en Ingeniería","indeed","https://mx.indeed.com/viewjob?jk=6cbede7b7d4c98f7","2025-11-06","2025-11-06","practicante","Monterrey, Nuevo Leon, Mexico","indeed"
"Practicante de Manufactura","AMI Automation","Monterrey","Nle","México","parttime","On-site",False,"Nos encontramos en búsqueda de:Practicante de Manufactura; Carreras: IIS.

Objetivo del puesto:  
Creación, planeación, control y mejora continua de los procesos de fabricación de; Nivel de inglés (70%); Control de producción y diseño de sistemas de trabajo.","indeed","https://mx.indeed.com/viewjob?jk=ba2f0b48514d8769","2025-11-04","2025-11-06","becario","Saltillo, Coahuila, Mexico","indeed"
"Ingeniero/Arquitecto/DevOps","AXEN","Monterrey","Nle","México","fulltime","On-site",True,"Experiencia :; 2 años de Arquitectura de TI \; Diseño e implementación de soluciones DevOps
  
3 años de Desarrollo de Software \; Programación de APIs y conectores utilizando estándares como REST, SOAP, y frameworks modernos
  
2 años de Gestión de P","indeed","https://mx.indeed.com/viewjob?jk=0b4e517c72987146","2025-10-28","2025-11-06","practicas","Saltillo, Coahuila, Mexico","indeed"
"Academia MS Data CL12","Accenture","Monterrey","Nle","México","fulltime","On-site",True,"DARE TO BE A PART OF THE CHALLENGE! COME AND JOIN OUR TEAM TOGETHER WE CAN MAKE THE DIFFERENCE!; Did you know that Accenture is leading the digital transformation in the World?; Accenture is a leading global professional services company, providing a broad range of services and solutions in strate;…","indeed","https://mx.indeed.com/viewjob?jk=1eae8393c5edbc24","2025-11-05","2025-11-06","internship","Saltillo, Coahuila, Mexico","indeed"
"Cell Leader (MEX)","Acuity Inc.","Guadalupe","Nle","México","nan","On-site",True,"Resumen del trabajo; Como un Cell Leader, deberá garantizar la seguridad de todos los empleados de la célula, asegurándose de que trabajan en; Tareas y responsabilidades clave (funciones esenciales); Asegurar cumplimiento a indicadores del FF (\+QDIPA).","indeed","https://mx.indeed.com/viewjob?jk=bf9ee3373e72d904","2025-11-06","2025-11-06","practicas","Monterrey, Nuevo Leon, Mexico","indeed"
"Practicante de Marketing en CRO","Alliance Virtual Offices","San Pedro Garza García","Nle","México","parttime","On-site",True,"proactive and analytical Marketing Intern; to support our; conversion\; rate optimization (CRO)","indeed","https://mx.indeed.com/viewjob?jk=dd86964d561c1151","2025-10-23","2025-11-06","internship","Saltillo, Coahuila, Mexico","indeed"
"HR Intern","Amalga Group","Monterrey","Nle","México","parttime","On-site",True,"** * Current student or recent graduate in Human Resources, Psychology, Business, or related field. * Availability to work on\-site at our office. * Strong organizational and communication skills. * Attention to detail and willingness to learn. * Comfortable working with spreadsheets and digital to…","indeed","https://mx.indeed.com/viewjob?jk=daf231d278ab007c","2025-10-17","2025-11-06","internship","Saltillo, Coahuila, Mexico","indeed"
"Abogado Junior","Aw Labor Solutions","Monterrey","Nle","México","fulltime","On-site",True,"1 Patrocinada)

¿Eres un/a; Abogado/a recién egresado/a o en tus últimos semestres; con pasión por el Derecho y el deseo de una experiencia internacional que impulse tu carrera? Buscamos un talento brilla; Programa de Entrenamiento de 6 meses","indeed","https://mx.indeed.com/viewjob?jk=51431ae4e9ea13f9","2025-11-02","2025-11-06","intern","Saltillo, Coahuila, Mexico","indeed"
"Continuous Improvement Intern","BAT","Monterrey","Nle","México","nan","On-site",True,"a nosotros en este viaje!; British American Tobacco tiene una oportunidad emocionante como Continuous Improvement Intern en; Ciudad de M; Tus responsabilidades incluirán:","indeed","https://mx.indeed.com/viewjob?jk=f0177b7fcc77ed28","2025-10-12","2025-11-06","intern","Saltillo, Coahuila, Mexico","indeed"
"Demand Planning Intern","BAT","Monterrey","Nle","México","nan","On-site",True,"BAT está evolucionando a gran velocidad hacia un negocio global multicategoría. Nuestro propósito es construir A Better; Para lograr nuestra ambición, buscamos personas dispuestas a unirse a este viaje. ¡ Tomorrow can’t wait, hagámoslo reali; British American Tobacco Mexico tiene una oportunidad em…","indeed","https://mx.indeed.com/viewjob?jk=eac798af1cb77a7b","2025-11-05","2025-11-06","practicante","Saltillo, Coahuila, Mexico","indeed"
"Engineering Projects and Facilities Intern","BAT","Monterrey","Nle","México","nan","On-site",True,"BAT está evolucionando a gran velocidad hacia un negocio global multicategoría. Nuestro propósito es construir A Better; Para alcanzar nuestra ambición, estamos buscando compañeros preparados para Ser el Cambio. ¡Ven, únete a nosotros en est; British American Tobacco México; tiene una oportunidad e…","indeed","https://mx.indeed.com/viewjob?jk=7f06866d92372121","2025-10-26","2025-11-06","intern","Saltillo, Coahuila, Mexico","indeed"
"Security and Prevention Intern","BAT","Monterrey","Nle","México","nan","On-site",True,"BAT is evolving at pace into a global multi\; category business. Our purpose is to create A Better Tomorrow™ by Building a Smokeless World.; To achieve our ambition, we are looking for colleagues who are ready to join us on this journey! Tomorrow can’t wait, le; British American Tobacco Mexico has …","indeed","https://mx.indeed.com/viewjob?jk=6caee344b5bc8b57","2025-11-05","2025-11-06","practicante","Saltillo, Coahuila, Mexico","indeed"
"PRACTICANTE UNIVERSITARIO EN PROCURA DE PROVEEDORES QUÍMICOS – STRATEGIC SOURCING","Baker Hughes","Monterrey","Nle","México","nan","On-site",True,"PRACTICANTE UNIVERSITARIO EN; PROCURA DE PROVEEDORES QUÍMICOS – STRATEGIC SOURCING; ¿Te gustaría tener la oportunidad de trabajar en una empresa global de tecnología energética?


¿Disfrutas asumir proyec; Estar actualmente inscrito en un programa de licenciatura relacionado a Ingeniería Química, I…","indeed","https://mx.indeed.com/viewjob?jk=c87769dfa6fc8236","2025-11-05","2025-11-06","practicante","Saltillo, Coahuila, Mexico","indeed"
"Practicante de Diseño","Becarios Mx","San Pedro Garza García","Nle","México","nan","On-site",True,"* Estudiante Activo de Diseño gráfico, Diseño Industroal, Diseño y Animación o afín * 1 año para Graduarse. * **Disponibilidad de Horario** Actividades Principales: * Diseño grafico para apoyo de: * Marcas * Branding * Anuncios, etc","indeed","https://mx.indeed.com/viewjob?jk=ca2b1eda04a16543","2025-11-04","2025-11-06","practicante","Saltillo, Coahuila, Mexico","indeed"
"Intern","C.H. Robinson","Monterrey","Nle","México","nan","Remote",True,"** ============================ * Excellent communication skills, verbal and written * Ability to thrive in a deadline\-driven, team environment, while also delivering independent results * Relationship building skills * Driven, enthusiastic, and highly motivated * High attention to detail and abil…","indeed","https://mx.indeed.com/viewjob?jk=9a2ad014104a76ea","2025-10-22","2025-11-06","internship","Saltillo, Coahuila, Mexico","indeed"
"Practicante Contabilidad","CALDERON MARIN","Monterrey Centro","Nle","México","fulltime","On-site",True,"Estudiante activo(a) de la Licenciatura en Contaduría Pública","indeed","https://mx.indeed.com/viewjob?jk=e6ff5228d0ae3d58","2025-11-04","2025-11-06","practicante","Saltillo, Coahuila, Mexico","indeed"
"Practicante Comercial TI","CAPITAL BECARIOS","Monterrey","Nle","México","fulltime","On-site",True,"PRACTICANTE COMERCIAL TI; Ubicación: Col. Benito Juarez, Monterrey, 64420,; Horario:; Lunes a viernes 8:30am a 5:00pm","indeed","https://mx.indeed.com/viewjob?jk=d98a20e3e0450be4","2025-11-05","2025-11-06","practicante","Saltillo, Coahuila, Mexico","indeed"
"Intern de Relación con Inversionistas","CASAS JAVER","Monterrey","Nle","México","parttime","On-site",True,"** * Lic","indeed","https://mx.indeed.com/viewjob?jk=8033feb7256dffea","2025-10-27","2025-11-06","intern","Saltillo, Coahuila, Mexico","indeed"
"(CEN) BUSINES DEVELOPMENT INTERN","CEMEX","San Pedro Garza García","Nle","México","nan","On-site",False,"Semester(s):; 7th – 10th semestre; Career (s):; Finance, Business, Economics, Engineering","indeed","https://mx.indeed.com/viewjob?jk=f2e35ec37ea05b80","2025-11-04","2025-11-06","practicante","Saltillo, Coahuila, Mexico","indeed"
"(CEN) BUSINESS DEVELOPMENT INTERN","CEMEX","San Pedro Garza García","Nle","México","nan","On-site",True,"Semester(s):; 6th and above; Degree(s):; Engineering, Business, Finance, Administration, and Economics","indeed","https://mx.indeed.com/viewjob?jk=7f24eb86580a7853","2025-10-26","2025-11-06","internship","Saltillo, Coahuila, Mexico","indeed"
"(CEN) GLOBAL DATA SCIENCE INTERN","CEMEX","San Pedro Garza García","Nle","México","nan","On-site",False,"Semester(s):; 5th – 10th semester; Degree(s):; ITC, Mathematics, Data Science, Actuarial Science, Industrial Physics, Mechatronics","indeed","https://mx.indeed.com/viewjob?jk=7e8c238321ab7273","2025-10-26","2025-11-06","intern","Saltillo, Coahuila, Mexico","indeed"
"(CEN) GLOBAL OPERATIONS & INNOVATION LABORATORY INTERN","CEMEX","Monterrey","Nle","México","nan","On-site",False,"Semester(s); Degree(s):; Chemical Engineering Administration, Nanotechnology Engineering, Materials Engineering; Project Objective:","indeed","https://mx.indeed.com/viewjob?jk=6647ab5070affd85","2025-10-26","2025-11-06","intern","Saltillo, Coahuila, Mexico","indeed"
"(CEN) HR COMMUNICATION & EVENT INTERN","CEMEX","San Pedro Garza García","Nle","México","nan","On-site",False,"Semester(s):; 7th – 10th semester; Degree(s):; Communication, Marketing, Graphic Design, Industrial Design","indeed","https://mx.indeed.com/viewjob?jk=6b1bd64197e1af82","2025-10-26","2025-11-06","intern","Saltillo, Coahuila, Mexico","indeed"
"(MEX) PRACTICANTE ESTANDARIZACION DE PROCESOS EN SEGURIDAD Y BIENESTAR","CEMEX","Monterrey","Nle","México","nan","On-site",True,"Acerca de Cemex; Somos una empresa líder en materiales y soluciones de construcción sostenibles que tiene como eje central a la innovació; Descripción detallada del proyecto; Estandarizar y actualizar información en Sharepoint de Seguridad y Bienestar, apoyo administrativo y gestión documental","indeed","https://mx.indeed.com/viewjob?jk=7d5d16f7199eace9","2025-11-05","2025-11-06","practicante","Saltillo, Coahuila, Mexico","indeed"
"(MX) JEFE DE EXCELENCIA OPERATIVA","CEMEX","Monterrey","Nle","México","nan","On-site",True,"Descripción de puesto; Habilitar la excelencia operativa en la Cadena de Suministro a través de la creación e implementación de sistemas y herr; Principales responsabilidades; Desarrollar un portafolio de iniciativas de mejora/optimización que brinde visibilidad del progreso y permita su gestión","indeed","https://mx.indeed.com/viewjob?jk=91a8da782668962b","2025-11-06","2025-11-06","practicas","Saltillo, Coahuila, Mexico","indeed"
"Practicante de Administración","Canaco","Monterrey","Nle","México","parttime","On-site",True,"** * Estudiante activo a partir de 6to semestre. * Carreras administrativas, gestión empresarial, psicología, Ingeniería Industrial. * Disponibilidad de horario matutino de 8am a 2pm o 9am a 3pm **Competencias requeridas:** * Paquetería office: Excel. * Comunicación telefónica, manejo de caja chica…","indeed","https://mx.indeed.com/viewjob?jk=f5eb523430cd78d2","2025-11-05","2025-11-06","practicante","Saltillo, Coahuila, Mexico","indeed"
"Practicante de contabilidad","Canaco","Monterrey","Nle","México","parttime","On-site",True,"** * Estudiante activo a partir de 6to semestre. * Carreras administrativas, gestión empresarial, psicología, Ingeniería Industrial. * Disponibilidad de horario matutino de 8am a 2pm o 9am a 3pm **Competencias requeridas:** * Paquetería office: Excel. * Comunicación telefónica, manejo de caja chica…","indeed","https://mx.indeed.com/viewjob?jk=e8b83ae8c58a2429","2025-11-05","2025-11-06","practicante","Saltillo, Coahuila, Mexico","indeed"
"Practicante de Operaciones","Carnes Altamira","Guadalupe Centro","Nle","México","fulltime","On-site",False,"¡UNETE AL EQUIPO!; Empacadora de Carnes Altamira Solicita Practicante de Operaciones; Apoyo al departamento de operaciones en tareas diarias como costeos, compras, servicio al cliente, ventas y logística. C; Lunes a Sabado (Sabado medio dia)","indeed","https://mx.indeed.com/viewjob?jk=677932f6dc0b9401","2025-11-04","2025-11-06","becario","Saltillo, Coahuila, Mexico","indeed"
"Becario de Seguridad e Higiene","Chemours","Apodaca","Nle","México","parttime","On-site",True,"** * Horario: 8:00 am a 1:00 pm **¿Qué ofrecemos?** * Experiencia real y aprendizaje continuo en una empresa multinacional * Oportunidad de desarrollo profesional * Excelente ambiente de trabajo y colaboración Tipo de puesto: Medio tiempo, Por obra o tiempo determinado Duración del contrato: 24 mes…","indeed","https://mx.indeed.com/viewjob?jk=70421917edf05ae4","2025-11-05","2025-11-06","practicante","Monterrey, Nuevo Leon, Mexico","indeed"
"BANAMEX Asesor Previsional AFORE APODACA","Citi","Monterrey","Nle","México","fulltime","On-site",True,"** * GPA of 3\.3 or above * Demonstrated analytical skills * Consistently demonstrates clear and concise written and verbal communication skills * Cooperation and focus in achieving group and client objectives * Innovative and creative in solving problems * Quick thinking and detail oriented **Educ…","indeed","https://mx.indeed.com/viewjob?jk=a8de01f7963a8a1b","2025-11-05","2025-11-06","intern","Saltillo, Coahuila, Mexico","indeed"
"BANAMEX Asesor Previsional AFORE APODACA","Citi","Monterrey","Nle","México","fulltime","On-site",True,"** * GPA of 3\.3 or above * Demonstrated analytical skills * Consistently demonstrates clear and concise written and verbal communication skills * Cooperation and focus in achieving group and client objectives * Innovative and creative in solving problems * Quick thinking and detail oriented **Educ…","indeed","https://mx.indeed.com/viewjob?jk=65df67a024446122","2025-11-03","2025-11-06","intern","Saltillo, Coahuila, Mexico","indeed"
"BANAMEX Asesor Previsional AFORE Monterrey","Citi","Monterrey","Nle","México","fulltime","On-site",True,"** * GPA of 3\.3 or above * Demonstrated analytical skills * Consistently demonstrates clear and concise written and verbal communication skills * Cooperation and focus in achieving group and client objectives * Innovative and creative in solving problems * Quick thinking and detail oriented **Educ…","indeed","https://mx.indeed.com/viewjob?jk=f74fd96be8f40988","2025-11-05","2025-11-06","intern","Saltillo, Coahuila, Mexico","indeed"
"BANAMEX Asesor Previsional AFORE Monterrey","Citi","Monterrey","Nle","México","fulltime","On-site",True,"** * GPA of 3\.3 or above * Demonstrated analytical skills * Consistently demonstrates clear and concise written and verbal communication skills * Cooperation and focus in achieving group and client objectives * Innovative and creative in solving problems * Quick thinking and detail oriented **Educ…","indeed","https://mx.indeed.com/viewjob?jk=25f42de40c7340c1","2025-11-03","2025-11-06","intern","Saltillo, Coahuila, Mexico","indeed"
"BANAMEX Asesor Previsional AFORE Nuevo Laredo","Citi","Monterrey","Nle","México","fulltime","On-site",True,"** * GPA of 3\.3 or above * Demonstrated analytical skills * Consistently demonstrates clear and concise written and verbal communication skills * Cooperation and focus in achieving group and client objectives * Innovative and creative in solving problems * Quick thinking and detail oriented **Educ…","indeed","https://mx.indeed.com/viewjob?jk=c0f33e27bab53aba","2025-11-03","2025-11-06","intern","Saltillo, Coahuila, Mexico","indeed"
"BANAMEX-Banquero de Apoyo Patrimonial Contry","Citi","Monterrey","Nle","México","fulltime","On-site",True,"** * 0\-2 years relevant experience * Ability to manage relationships both internal and external; Ability to prioritize * Mandatory certifications as required for selling financial products **Education:** * Bachelor's/University degree or equivalent experience Requisitos: * Licenciatura Económico\-…","indeed","https://mx.indeed.com/viewjob?jk=d49b6b39db440687","2025-11-05","2025-11-06","becario","Saltillo, Coahuila, Mexico","indeed"
"BANAMEX-Banquero de Apoyo Patrimonial Contry","Citi","Monterrey","Nle","México","fulltime","On-site",True,"** * 0\-2 years relevant experience * Ability to manage relationships both internal and external; Ability to prioritize * Mandatory certifications as required for selling financial products **Education:** * Bachelor's/University degree or equivalent experience Requisitos: * Licenciatura Económico\-…","indeed","https://mx.indeed.com/viewjob?jk=5128d0b2c3ccef6d","2025-11-05","2025-11-06","becario","Saltillo, Coahuila, Mexico","indeed"
"Clarios Internship Program - Mexico","Clarios","San Pedro Garza García","Nle","México","fulltime","On-site",True,"Ser estudiante de carreras de Ingeniería, administrativas, IT, humanidades o afines.; Estar cursando un semestre igual o superior al quinto.; Conocimiento y/o manejo de herramientas tecnológicas (Microsoft, office, Power Apps, Power BI, Python, entre otros).; Inglés avanzado.","indeed","https://mx.indeed.com/viewjob?jk=14017652249cd4c9","2025-11-06","2025-11-06","internship","Saltillo, Coahuila, Mexico","indeed"
"Clarios Leadership Development Program (Maintenance)","Clarios","San Pedro Garza García","Nle","México","fulltime","On-site",True,"* Six Sigma, Lean, or Project Management certification * Familiarity with Total Productive Maintenance (TPM) or predictive maintenance methodologies. * Experience with process improvement or continuous improvement projects Skills and Competencies* Strong analytical and problem\-solving ability * De…","indeed","https://mx.indeed.com/viewjob?jk=a8721b15c4de01f6","2025-10-07","2025-11-06","internship","Saltillo, Coahuila, Mexico","indeed"
"Clarios Leadership Development Program (Operations)","Clarios","San Pedro Garza García","Nle","México","fulltime","On-site",True,"year rotational program. The Clarios Leadership Development Program (CLDP) is designed to provide recent graduates with; term career path within Clarios.
Who We Are Looking For
Recent college graduates with no more than one year of professio; Industrial Engineering; Chemical Engineering","indeed","https://mx.indeed.com/viewjob?jk=b71083b7ad755423","2025-10-13","2025-11-06","internship","Saltillo, Coahuila, Mexico","indeed"
"Sr Manager - Talent Management LATAM","Clarios","San Pedro Garza García","Nle","México","fulltime","On-site",True,"Strategic Leadership:
	+ Design and execute integrated talent strategies to support organizational growth and leadership; Operational Excellence:
	+ Oversee deployment of development programs (mentoring, coaching, job\; shadowing, rotational assignments).
	+ Ensure Individual Development Plans (IDP…","indeed","https://mx.indeed.com/viewjob?jk=2ed5db8ad97c0da2","2025-11-06","2025-11-06","internship","Saltillo, Coahuila, Mexico","indeed"
"Maestra de apoyo","Colegio Cambridge de Monterrey","Monterrey","Nle","México","parttime","On-site",True,"Se solicita maestra sombra de lunes a viernes de 8:00 am a 01:00 pm, de preferencia mayor de edad, si buscas prácticas esta está e una gran oportunidad ya que será por medio de CAINTRA \+ un apoyo económico por parte de los padres. La atención será para una menor de prenatal, con temas de conducta e","indeed","https://mx.indeed.com/viewjob?jk=143795373cbfb396","2025-11-06","2025-11-06","practicas","Saltillo, Coahuila, Mexico","indeed"
"Practicante de Desarrollo","Consultoria Global en Productividad","Saltillo","Coa","México","fulltime","On-site",True,"** * Estudiante activo de últimos semestres o cuatrimestres en carrera de Desarrollo. * Seguro Facultativo vigente. * Conocimientos básicos en temas de actividades a realizar. * Edad de 18 a 25 años * Sexo Indistinto. **Ofrecemos:** \-Apoyo económico mensual \-Horario: 8:30 \-2:00 pm De Lunes a vie…","indeed","https://mx.indeed.com/viewjob?jk=0fc169940d595178","2025-11-06","2025-11-06","practicante","Saltillo, Coahuila, Mexico","indeed"
"Sr. Digital Solutions Engineer","Corning","Apodaca","Nle","México","fulltime","On-site",True,"Oct 29, 2025; Apodaca, NLE, MX, 66614; Corning


Requisition Number: 71475; The company built on breakthroughs.","indeed","https://mx.indeed.com/viewjob?jk=44a2a37415489342","2025-10-28","2025-11-06","intern","Monterrey, Nuevo Leon, Mexico","indeed"
"Practicante de Contabilidad","DENSO","Apodaca","Nle","México","nan","On-site",True,"Esta vacante viene de la bolsa de empleo Talenteca.com; Vacante para la empresa DENSO Mexico en Apodaca \; Apodaca, Nuevo León; México, buscamos tu talento:

  

Somos una empresa global de origen japonés que nos dedicamos a la manufactura automotr","indeed","https://mx.indeed.com/viewjob?jk=7dda40f0dc1e1021","2025-11-06","2025-11-06","practicante","Monterrey, Nuevo Leon, Mexico","indeed"
"Process Engineering Intern","DENSO","Parque Industrial Monterrey","Nle","México","parttime","On-site",True,"** * Active engineering student * From 6th to 9th semester * **Advanced conversational English** * Internship schedule: 8:00 AM to 3:36 PM **Position Responsibilities:** * Plan and follow up rationalization activities * Cycle time Study * OEE improvement plan * Develop strategies with the team and …","indeed","https://mx.indeed.com/viewjob?jk=bda0a043db6c122e","2025-10-23","2025-11-06","internship","Monterrey, Nuevo Leon, Mexico","indeed"
"Intern, Sourcing Procurement","Danfoss","Apodaca","Nle","México","nan","On-site",False,"Requisition ID:; Job Location(s):; Apodaca, MX; Employment Type:","indeed","https://mx.indeed.com/viewjob?jk=ce3f4ff198a6c9af","2025-10-08","2025-11-06","internship","Monterrey, Nuevo Leon, Mexico","indeed"
"LC Intern","Danfoss","Apodaca","Nle","México","nan","On-site",False,"Requisition ID:; Job Location(s):; Apodaca, MX; Employment Type:","indeed","https://mx.indeed.com/viewjob?jk=fccc1b592b84d88e","2025-10-26","2025-11-06","intern","Monterrey, Nuevo Leon, Mexico","indeed"
"Sales Projects Intern","Danfoss","Apodaca","Nle","México","nan","On-site",True,"Requisition ID:; Job Location(s):; Apodaca, MX; Employment Type:","indeed","https://mx.indeed.com/viewjob?jk=89eceb68338189f0","2025-10-13","2025-11-06","internship","Monterrey, Nuevo Leon, Mexico","indeed"
"Ingeniero de Servicio Biomédico","Detección Oportuna Integral S.A de C.V (Consultorio DOI)","Monterrey","Nle","México","fulltime","On-site",True,"** * **Título o constancia de título en trámite** deLicenciatura o Ingeniería Biomédica, Biónica, Mecatrónica, Electrónica o afín. * Radicar en Nuevo León. * Indispensable contar con licencia de conducir vigente. * Contar con disponibilidad 100% para constantes viajes de campo (Nuevo León, Coahuila…","indeed","https://mx.indeed.com/viewjob?jk=000d249dab66242c","2025-11-06","2025-11-06","practicas","Saltillo, Coahuila, Mexico","indeed"
"Field Service Representative II","Ecolab","Monterrey","Nle","México","fulltime","On-site",True,"¿Querés construir un futuro mejor mientras desarrollás tu carrera profesional? Sumate al equipo de Ecolab y colaborá en; Nalco Water; , una empresa de Ecolab, ayuda a sus clientes a conservar más de 161 mil millones de galones de agua al año. Brindamos s; Representante de Servicio en Planta","indeed","https://mx.indeed.com/viewjob?jk=2fe03372ffe9e9ca","2025-11-05","2025-11-06","practicas","Saltillo, Coahuila, Mexico","indeed"
"Instructor Equipo Movil","Emergent Cold","Apodaca","Nle","México","fulltime","On-site",True,"** Preparatoria o carrera técnica (deseable Licenciatura o Ingeniería)","indeed","https://mx.indeed.com/viewjob?jk=0bf5086137148ae3","2025-11-06","2025-11-06","practicas","Monterrey, Nuevo Leon, Mexico","indeed"
"Product Developer Intern","Epicor Software","Monterrey","Nle","México","nan","On-site",True,"** * Object\-oriented programming knowledge. * Basic understanding of client\-server and web application environments. * Being enrolled and pursuing a BS in Computer Science, Information Technology, or related field, with at least 1 year left to graduate. * Advanced English (spoken and written). * …","indeed","https://mx.indeed.com/viewjob?jk=621c03de94b66e4b","2025-10-16","2025-11-06","internship","Saltillo, Coahuila, Mexico","indeed"
"Software Developer Intern","Epicor Software","Monterrey","Nle","México","nan","On-site",True,"We’re looking for a; Software Development Intern; to join our team and support the design, development, and maintenance of software applications using Java and C\#. In th; on experience across the full software development lifecycle—from requirements gathering to deployment—while contributin","indeed","https://mx.indeed.com/viewjob?jk=628ace0f6329067c","2025-11-05","2025-11-06","practicante","Saltillo, Coahuila, Mexico","indeed"
"Practicante de Calidad","FLUIDMASTER, INC","Guadalupe","Nle","México","parttime","On-site",True,"Acerca de la empresa; Fluidmaster es una empresa de manufactura de inyección de plásticos, es el líder mundial en la industria del cuidado y r; Requisitos para el puesto:; Escolaridad: Estudiante activo de carreras como Ingeniería Industrial, Quimica, Mecánica o afín.","indeed","https://mx.indeed.com/viewjob?jk=5ded7b7dbece6239","2025-11-05","2025-11-06","practicante","Monterrey, Nuevo Leon, Mexico","indeed"
"Practicante de Diseño","FRATERNA","Monterrey","Nle","México","fulltime","On-site",True,"** * Estar cursando la carrera de **Arquitectura** (preferentemente a partir del 6° semestre). * Conocimientos en **AutoCAD, SketchUp, Revit, Photoshop, Illustrator** u otros programas de diseño. * Capacidad para trabajar en equipo y atención al detalle. * Actitud proactiva, creativa y con ganas de…","indeed","https://mx.indeed.com/viewjob?jk=d023fe65bd1fa3da","2025-11-05","2025-11-06","practicante","Saltillo, Coahuila, Mexico","indeed"
"Trainee Analyst- Corporate Ratings","Fitch Ratings","Monterrey","Nle","México","nan","On-site",False,"** * 1\-2 years of relevant experience. * Bachelor’s degree required. * Advanced English proficiency, both verbal and written. * Exposure to financial statement analysis in a work or academic setting. * Strong analytical, quantitative, and organizational skills. * Excellent written and verbal commu…","indeed","https://mx.indeed.com/viewjob?jk=0f41f81bd0a1b573","2025-11-05","2025-11-06","practicante","Saltillo, Coahuila, Mexico","indeed"
"Marketing Intern","Fronius USA LLC","Monterrey","Nle","México","nan","On-site",False,"* Students from 6th semester onwards with a degree in Marketing or communication. * Presentation skills * Excellent oral and written communication * Customer\-oriented attitude * Proactivity, teamwork * Management of Adobe InDesign, Photoshop and Illustrator * Advanced English * Basic experience in…","indeed","https://mx.indeed.com/viewjob?jk=826eab859684c6b0","2025-10-23","2025-11-06","intern","Saltillo, Coahuila, Mexico","indeed"
"Stat & Tax Intern","GE Vernova","Monterrey","Nle","México","fulltime","On-site",False,"Job Description Summary; ===========================


As part of the Statutory and Tax team, you will help ensure statutory and fiscal regulator; end statutory/tax audit process where applicable.; Job Description","indeed","https://mx.indeed.com/viewjob?jk=d22af34682c30fdf","2025-10-30","2025-11-06","intern","Saltillo, Coahuila, Mexico","indeed"
"MX Internship Program 2026","GM Financial","Monterrey","Nle","México","fulltime","On-site",False,"Location: Monterrey, Nuevo León, México; Reporting; Data Analysis; Internal and external communication","indeed","https://mx.indeed.com/viewjob?jk=1518c20fcc335660","2025-10-29","2025-11-06","internship","Saltillo, Coahuila, Mexico","indeed"
"Vendedor y atención al cliente","Grupo Promass","Monterrey","Nle","México","fulltime","On-site",True,"** **Escolaridad:** Bachillerato en adelante **Experiencia:** en ventas de intangibles y atención al cliente. **Habilidades:** Facilidad de palabra, gusto por las ventas y excelente actitud","indeed","https://mx.indeed.com/viewjob?jk=1f16d1da3ff2a007","2025-11-06","2025-11-06","practicas","Saltillo, Coahuila, Mexico","indeed"
"Practicante administrativo - financiero","HFS GROUP","San Pedro Garza García","Nle","México","nan","On-site",True,"Consultora inmobiliaria, en San Pedro Garza García, N.L.; Solicita: Practicante administrativo.; Recién egresado y/o estudiante de carreras como; Contaduría, Administración, Finanzas o afines.

Conocimiento básico; Co","indeed","https://mx.indeed.com/viewjob?jk=a97dff73f490169f","2025-11-05","2025-11-06","practicante","Saltillo, Coahuila, Mexico","indeed"
"Stockist intern","Hermès","Monterrey","Nle","México","nan","On-site",False,"Control y abastecimiento de insumos y materiales.; Recepción, acomodo y seguimiento de producto.; Apoyo en transferencias, ventas remotas y rotativos.; Supervisión de etiquetado.","indeed","https://mx.indeed.com/viewjob?jk=3fb0e8c06d65abec","2025-10-12","2025-11-06","intern","Saltillo, Coahuila, Mexico","indeed"
"Supply Chain Intern","Honeywell","Monterrey","Nle","México","fulltime","On-site",True,"on experience and exposure to various aspects of our business. You will have the opportunity to work on real projects, c; Support the team in daytoday activities and projects; Assist with data analysis and reporting; Conduct research and gather information for various projects","indeed","https://mx.indeed.com/viewjob?jk=a4387c3b7f706029","2025-10-23","2025-11-06","internship","Saltillo, Coahuila, Mexico","indeed"
"ANALISTA DE COMPENSACION","ICONN","San Pedro Garza García","Nle","México","nan","On-site",True,"Eleven, Petro Seven, MercaDía y MAS Bodega y Logística; donde más de 22,000 colaboradores en 17 estados de la República; Rol 1: Administración de la información; Investigar, compilar, sintetizar como apoyo a la ejecución de los estudios de mercado y en el aprendizaje de resultados; Contribuir al an…","indeed","https://mx.indeed.com/viewjob?jk=bb7c4b3921cf9e36","2025-06-10","2025-11-06","practicas","Saltillo, Coahuila, Mexico","indeed"
"PRACTICANTE GENERAL","IKIGAI Consultoría en logística","Saltillo","Coa","México","parttime","Remote",True,"* Radicar en Saltillo, Coah. * Estar cursando 4° o 5° semestre. * Edad 22 a 25\. * Proactividad * Organización * Priorización * Servicial Tipo de puesto: Medio tiempo Sueldo: $3,500\.00 \- $4,000\.00 al mes Horas previstas: 25 por semana Beneficios: * Aumentos salariales * Horarios flexibles * Trab…","indeed","https://mx.indeed.com/viewjob?jk=8098ff82b368ffe7","2025-11-05","2025-11-06","practicante","Saltillo, Coahuila, Mexico","indeed"
"Practicante Desarrollo de Software","International Motors","Ciudad Apodaca Centro","Nle","México","nan","On-site",True,"¡Buscamos nuestro próximo Practicante de Desarrollo de Software!; International Motors; estamos en busca de un/a; Intern de Desarrollo de Software","indeed","https://mx.indeed.com/viewjob?jk=85ec6bb1eafba77b","2025-10-30","2025-11-06","intern","Monterrey, Nuevo Leon, Mexico","indeed"
"Practicante Administrativo Contable","Jobfit","Monterrey","Nle","México","nan","On-site",True,"Practicante para Liberación de Prácticas Profesionales en Administración \; Contabilidad; Estudiantes de Carrera en Administración, Contabilidad, Finanzas o fín interesados en la liberación de prácticas profesi; Control de registro de Facturas","indeed","https://mx.indeed.com/viewjob?jk=7821b227c414ffd9","2025-11-06","2025-11-06","practicante","Saltillo, Coahuila, Mexico","indeed"
"Logistics Coordinator","Johnson Controls","Apodaca","Nle","México","fulltime","On-site",True,"Johnson Controls; is a global leader in smart, healthy, and sustainable buildings. With operations in over 150 countries, we are committed; Logistics Coordinator.; What will you do?","indeed","https://mx.indeed.com/viewjob?jk=e7e0fb5c1121e86d","2025-10-28","2025-11-06","intern","Monterrey, Nuevo Leon, Mexico","indeed"
"Product Management Intern","Kinedu","Monterrey","Nle","México","nan","Remote",True,"What you will do; As a Product Management Intern you will support the end\; end lifecycle of product requirements, from definition all the way to launch. This is a cross functional role that requi; Your responsibilities:","indeed","https://mx.indeed.com/viewjob?jk=cffc49c8b7a171ec","2025-10-30","2025-11-06","intern","Saltillo, Coahuila, Mexico","indeed"
"Free Trade Agreements Intern","MAHLE","Monterrey","Nle","México","fulltime","On-site",True,"** * Student of International Business, Foreign Trade, Customs, or related field. * Bilingual (English/Spanish). * Good communication and organizational skills. * Self\-motivated, customer\-oriented and detail\-oriented. * PowerPoint and excel knowledge. **Our Offer:** We will provide a collaborati…","indeed","https://mx.indeed.com/viewjob?jk=027d53b6f05ae72f","2025-10-21","2025-11-06","internship","Saltillo, Coahuila, Mexico","indeed"
"JEFE DE TALLER","MYS CONSULTORES","Apodaca","Nle","México","fulltime","On-site",False,"JEFE DE TALLER CNC; ======================; Ubicación:; Apodaca por plaza Nave 01","indeed","https://mx.indeed.com/viewjob?jk=b1c735baf3873b1c","2025-11-06","2025-11-06","practicas","Monterrey, Nuevo Leon, Mexico","indeed"
"Field Service Engineer","Makino, Inc","Monterrey","Nle","México","nan","On-site",True,"cutting and machining technology. As a leader in the advanced manufacturing machine tool technology, Makino enables its; The Opportunity; The Field Service Engineer is a member of the Customer Support Department and is responsible for the installation, maint; Essential Duties","indeed","https://mx.indeed.com/viewjob?jk=d43fbf28baa8a726","2025-11-03","2025-11-06","internship","Saltillo, Coahuila, Mexico","indeed"
"Field Service Engineer","Makino, Inc","Saltillo","Coa","México","nan","On-site",True,"cutting and machining technology. As a leader in the advanced manufacturing machine tool technology, Makino enables its; The Opportunity; The Field Service Engineer is a member of the Customer Support Department and is responsible for the installation, maint; Essential Duties","indeed","https://mx.indeed.com/viewjob?jk=9f32b915ea563fec","2025-10-27","2025-11-06","internship","Saltillo, Coahuila, Mexico","indeed"
"Analista Senior de Mejora Continua de Procesos - Mercado Envíos","Mercado Livre","Monterrey","Nle","México","nan","On-site",True,"** * Ser Ing","indeed","https://mx.indeed.com/viewjob?jk=c78d323ea7f474b1","2025-11-06","2025-11-06","practicas","Saltillo, Coahuila, Mexico","indeed"
"Gerencia de Proyectos para Ingeniería y ejecución- Mercado envíos","Mercado Livre","Monterrey","Nle","México","nan","On-site",True,"Tenemos un desafío para quienes:; Vibran energía emprendedora: se mueven por la curiosidad, nunca se rinden y se enfocan en superar sus propios límites.; Dan el máximo porque les gusta trabajar con compromiso y dedicación.; Viven los cambios como oportunidades y aprenden de sus errores.","indeed","https://mx.indeed.com/viewjob?jk=0a6e7c69ca71e0d6","2025-11-06","2025-11-06","practicas","Saltillo, Coahuila, Mexico","indeed"
"Digital & Manufacturing Intern","NEMAK","Monterrey","Nle","México","nan","On-site",False,"To standardize internal processes through digitalization, ensuring organized documentation, 3D conceptual layouts, and c; time simulations. This will enable consistent deliverables, reduced lead times, and improved operational efficiency, whi; value projects.; Main Responsibilities","indeed","https://mx.indeed.com/viewjob?jk=d247466044198e56","2025-10-23","2025-11-06","intern","Saltillo, Coahuila, Mexico","indeed"
"Practicante de AMBIENTE SEGURIDAD E HIEGIENE EHS","PASTAS MOLISABA","San Pedro Garza García","Nle","México","fulltime","On-site",False,"HORARIO DE 8AM A 5PM LUNES A VIERNES; SABADOS 8:30AM HASTA LA 1:30PM; APOYO EN ADMINSTRACION DE NORMAS SEGURIDAD Y AMBIENTE; PROCESOS DE CAPACITACION","indeed","https://mx.indeed.com/viewjob?jk=236a33235a328354","2025-11-04","2025-11-06","practicante","Saltillo, Coahuila, Mexico","indeed"
"Practicante de Facilities","POLARIS MONTERREY","American Industries Apodaca","Nle","México","fulltime","On-site",False,"Requisitos del puesto; Ing. Civcil, Arquitectura o Afín.; Disponibilidad de Horario. 7:00am a 03:00pm; Manejo de paquete de Office (Excel, Word, Power Point).","indeed","https://mx.indeed.com/viewjob?jk=3c148297fc6b91c9","2025-11-05","2025-11-06","practicante","Monterrey, Nuevo Leon, Mexico","indeed"
"HR General Coordinator","Parker Hannifin","Apodaca","Nle","México","fulltime","On-site",True,"Org Marketing Statement; Parker Hannifin can be found on and around everything that moves. The company employs approximately 58,000 people in 49; engineered solutions for a wide variety of mobile, industrial and aerospace markets. Parker’s focus on solving some of t; Position Summary","indeed","https://mx.indeed.com/viewjob?jk=956637efd6f2da10","2025-10-07","2025-11-06","internship","Monterrey, Nuevo Leon, Mexico","indeed"
"Inside Sales Executive","Placidway","Monterrey","Nle","México","fulltime","Remote",True,"Inside Sales Representative \; Account Coordinator; to manage and grow our global network of healthcare providers. This is a key role in helping providers enhance their per; Key Responsibilities:","indeed","https://mx.indeed.com/viewjob?jk=8149df41d6af8ccb","2025-10-21","2025-11-06","internship","Saltillo, Coahuila, Mexico","indeed"
"Practicante de almacén","Premier Tech","Monterrey Business Park","Nle","México","fulltime","On-site",True,"Apoyo en el area de almacén

\; Entradas y Salidas

\; Atencion a proveedores

\; Manejo de Sistema

\","indeed","https://mx.indeed.com/viewjob?jk=53503471d27b5d05","2025-11-04","2025-11-06","practicante","Monterrey, Nuevo Leon, Mexico","indeed"
"Practicante de Beneficios - Vigente al 05-DIC-2025","RED AMBIENTAL","Monterrey","Nle","México","nan","On-site",True,"Estudiante ACTIVO a partir de 6to semestre de carreras como: Lic","indeed","https://mx.indeed.com/viewjob?jk=6f92b153572a2854","2025-11-05","2025-11-06","practicante","Saltillo, Coahuila, Mexico","indeed"
"Intern de análisis de datos","Reclutamiento Melani González","San Pedro Garza García","Nle","México","parttime","On-site",True,"Objetivo General; Generar análisis descriptivo y predictivo para impulsar el crecimiento del negocio de Consumer Lines.; Principales funciones y responsabilidades; Desarrollar modelos predictivos utilizando técnicas de estadística y machine learning.","indeed","https://mx.indeed.com/viewjob?jk=51c947a226081e93","2025-11-03","2025-11-06","intern","Saltillo, Coahuila, Mexico","indeed"
"Practicante de Beneficios","Redcolección SA de CV","Monterrey","Nle","México","parttime","On-site",True,"** Estudiante ACTIVO a partir de 6to semestre de carreras como: Lic","indeed","https://mx.indeed.com/viewjob?jk=9f923532eca4621b","2025-11-05","2025-11-06","practicante","Saltillo, Coahuila, Mexico","indeed"
"Resource and Staffing Associate - Kalypso","Rockwell Automation","Monterrey","Nle","México","fulltime","Remote",True,"* 4\-year degree required . * 2\-5 years of relevant experience. * All applicants applying for job openings based in Mexico must be authorized to work in Mexico","indeed","https://mx.indeed.com/viewjob?jk=cfc11c9563f5ad4d","2025-10-22","2025-11-06","intern","Saltillo, Coahuila, Mexico","indeed"
"Desarrollador Backend Freelancer","Rovi Music","Monterrey Centro","Nle","México","fulltime","On-site",True,"** * Educación: Ciencias de la Computación, Ingeniería de Software, Sistemas de Información o campos relacionados. * Experiencia: 3 años en desarrollo ERP, integraciones API y análisis de datos. * Experiencia en Backend, Lenguajes de programación: Python, Node.js, PHP, JavaScript/TypeScript. * Base…","indeed","https://mx.indeed.com/viewjob?jk=15308d33963d3a14","2025-11-06","2025-11-06","practicas","Saltillo, Coahuila, Mexico","indeed"
"Software Developer: Full Stack","SER-ES","Monterrey","Nle","México","fulltime","On-site",True,"Software Developer – Full Stack; We are looking for a; Full Stack Software Developer; to join a fast\","indeed","https://mx.indeed.com/viewjob?jk=07b32ff152ed9f56","2025-10-14","2025-11-06","internship","Saltillo, Coahuila, Mexico","indeed"
"Practicante Profesional Editorial — Redes Sociales","SERVICIO GENERAL AEREO","Monterrey Centro","Nle","México","parttime","On-site",True,"Practicante Profesional Editorial – Redes Sociales; Objetivo del puesto; Apoyar en la generación, edición y publicación de contenido editorial para plataformas digitales y redes sociales, asegu; Responsabilidades","indeed","https://mx.indeed.com/viewjob?jk=e3fef1b46a044278","2025-11-05","2025-11-06","practicante","Saltillo, Coahuila, Mexico","indeed"
"PRACTICANTE LEGAL – DERECHO CORPORATIVO /REGULATORIO MTY - INGLÉS 100%","SESMA, SESMA AND MCNEESE","San Pedro Garza García","Nle","México","parttime","On-site",True,"PRACTICANTE LEGAL – DERECHO CORPORATIVO /REGULATORIO; INGLÉS 100%; Educación:; Estudiantes de la licenciatura en Derecho del 5º o 6º semestre.","indeed","https://mx.indeed.com/viewjob?jk=9fcbd13b8e43d3b1","2025-11-05","2025-11-06","practicante","Saltillo, Coahuila, Mexico","indeed"
"Ingenieria Mecatrónica, eléctrica, electrónica recién egresado, Ingeniero becario Junior","SKUADRA CONSULTORES Y ASOCIADOS","Monterrey","Nle","México","parttime","On-site",True,"** * **Inglés avanzado** (indispensable) * Manejo de **Excel intermedio** (tablas dinámicas, fórmulas, análisis de datos) * Conocimientos en **AutoCAD** (preferente) * Ganas de aprender, proactividad y buena capacidad de análisis **Principales actividades** * Analizar y simplificar reportes de vent…","indeed","https://mx.indeed.com/viewjob?jk=b7f937ca64cdb637","2025-11-04","2025-11-06","practicante","Saltillo, Coahuila, Mexico","indeed"
"supervisor de campo","SOLUCIONIKA SA DE CV","Saltillo","Coa","México","fulltime","On-site",True,"** * Escolaridad: Técnico\-Administrativo * Paquete Office intermedio * Conocimiento en instalaciones planta externa y planta interna * Telecomunicaciones **Actividades:** * Supervisar trabajo en campo, puntualidad, seguridad e higiene, garantizar estándares de calidad. * Prevenir y en su caso soli…","indeed","https://mx.indeed.com/viewjob?jk=fcd74b684ed9d26d","2025-11-06","2025-11-06","practicas","Saltillo, Coahuila, Mexico","indeed"
"Intern","STERIS","Guadalupe","Nle","México","nan","On-site",True,"Practicante de Calidad de Proveedores; ¿Buscas una oportunidad para desarrollar tus prácticas profesionales?; , empresa líder en el sector de manufactura busca practicantes para el área de Calidad.; Requisitos","indeed","https://mx.indeed.com/viewjob?jk=d392906178a8c9fa","2025-10-27","2025-11-06","intern","Monterrey, Nuevo Leon, Mexico","indeed"
"PRACTICANTE CONTABILIDAD","SU TRANSPORTE SA DE CV","Ramos Arizpe Centro","Coa","México","fulltime","On-site",True,"$3,000\.00 al mes

Beneficios:; Apoyo para estudios

Escolaridad:; Licenciatura trunca o en curso (Deseable)

Lugar de trabajo: Empleo presencial","indeed","https://mx.indeed.com/viewjob?jk=8f18474a5c4fa1fc","2025-11-06","2025-11-06","practicante","Saltillo, Coahuila, Mexico","indeed"
"PRACTICANTE RECURSOS HUMANOS","SU TRANSPORTE SA DE CV","Ramos Arizpe Centro","Coa","México","fulltime","On-site",True,"$3,000\.00 al mes

Beneficios:; Apoyo para estudios

Escolaridad:; Licenciatura trunca o en curso (Deseable)

Lugar de trabajo: Empleo presencial","indeed","https://mx.indeed.com/viewjob?jk=9c322ab2e5858c7b","2025-11-06","2025-11-06","practicante","Saltillo, Coahuila, Mexico","indeed"
"Employee Experience Intern (Mty, N.L.)","Schneider Electric","Monterrey","Nle","México","nan","Remote",False,"**Qualifications** We know skills and competencies show up in many different ways and can be based on your life experience","indeed","https://mx.indeed.com/viewjob?jk=730edcc5267dc5f6","2025-10-27","2025-11-06","intern","Saltillo, Coahuila, Mexico","indeed"
"Finance Accounting Intern (Mty, N.L.)","Schneider Electric","Monterrey","Nle","México","nan","On-site",False,"**What qualifications will make you successful for this role?*** Bachelor in Finance or related. **(MUST\-Graduating in December 2026 or later)** * **Advanced Excel (Must)** * **Advanced English (Must)** * Proactive. * Teamwork. * **Hybrid scheme. (Punto Valle)** * **Morning availability** **Let us…","indeed","https://mx.indeed.com/viewjob?jk=9bdf2807c1f59bfa","2025-10-29","2025-11-06","intern","Saltillo, Coahuila, Mexico","indeed"
"HR Intern (MTY, Apodaca)","Schneider Electric","Apodaca","Nle","México","nan","On-site",True,"**What qualifications will make you successful for this role?** * Basic understanding of HR concepts and interest in developing a career in HR. * Proficiency in Microsoft Office tools * Time Management * Ability to maintain confidentiality and handle sensitive information with professionalism. * **…","indeed","https://mx.indeed.com/viewjob?jk=26bcc0042a7f11d2","2025-10-28","2025-11-06","internship","Monterrey, Nuevo Leon, Mexico","indeed"
"Transport & Logistics Intern","Schneider Electric","Apodaca","Nle","México","nan","On-site",False,"**What qualifications will make you successful for this role?*** Active student of engineering graduating in December 2026 or later * Knowledge of Excel for data analysis and tracking. * Basic/intermediate English skills for international processes. * SAP ERP knowledge (preferred) for managing tran…","indeed","https://mx.indeed.com/viewjob?jk=48ac0732888babe4","2025-11-03","2025-11-06","intern","Monterrey, Nuevo Leon, Mexico","indeed"
"Payroll intern","Sealed Air","Apodaca","Nle","México","nan","On-site",True,"** * Ser estudiante activo de nivel universitario (6° semestre en adelante) de las carreras: + Contaduría + Administración + Finanzas * Conocimiento básico en procesos de nómina. * Manejo de Excel. * Ganas de aprender, responsabilidad y actitud de servicio. **Short Description** -------------------…","indeed","https://mx.indeed.com/viewjob?jk=76d4238e9bb3d6b9","2025-10-27","2025-11-06","intern","Monterrey, Nuevo Leon, Mexico","indeed"
"Practicante Administrativo","Sekura y AER","San Pedro Garza García","Nle","México","parttime","On-site",True,"¡Estamos buscando Practicante de Administración y Finanzas!; ¿Te interesa el mundo de los números, la contabilidad y el flujo de efectivo? ¿Quieres adquirir experiencia práctica en; Requisitos; Ser estudiante activo(a) de las carreras de Actuaría, Licenciatura en Administración, Contabilidad o afín…","indeed","https://mx.indeed.com/viewjob?jk=adde7064065f0cff","2025-11-05","2025-11-06","practicante","Saltillo, Coahuila, Mexico","indeed"
"Intern/Apprentice","Signify","Monterrey","Nle","México","nan","On-site",True,"About Signify; Through bold discovery and cutting\; edge innovation, we lead an industry that is vital for the future of our planet: lighting. Through our leadership in con; More about the role","indeed","https://mx.indeed.com/viewjob?jk=fcfa17b5e14550f6","2025-10-13","2025-11-06","intern","Saltillo, Coahuila, Mexico","indeed"
"Quality Intern","Signify","Monterrey","Nle","México","nan","On-site",True,"Quality Intern; to join our; Quality Team; Cienega de Flores","indeed","https://mx.indeed.com/viewjob?jk=625d88c30be2d538","2025-10-13","2025-11-06","intern","Saltillo, Coahuila, Mexico","indeed"
"On-Site Technical Support L1 - Ramos Arizpe","Stefanini","Ramos Arizpe","Coa","México","nan","Remote",True,"!

  

En Stefanini somos más de 30\.000 genios, conectados desde 41 países, haciendo lo que les apasiona y co\; creando un futuro mejor.; Responsabilidades y atribuciones; Para enfrentar mejor estos desafíos, necesitas:","indeed","https://mx.indeed.com/viewjob?jk=fdad3b937144378a","2025-11-06","2025-11-06","practicas","Saltillo, Coahuila, Mexico","indeed"
"On-Site Technical Support L1 - Saltillo Engine South","Stefanini","Saltillo","Coa","México","nan","Remote",True,"!

  

En Stefanini somos más de 30\.000 genios, conectados desde 41 países, haciendo lo que les apasiona y co\; creando un futuro mejor.; Responsabilidades y atribuciones; Para enfrentar mejor estos desafíos, necesitas:","indeed","https://mx.indeed.com/viewjob?jk=5c8c00b4cbd6c871","2025-11-06","2025-11-06","practicas","Saltillo, Coahuila, Mexico","indeed"
"On-Site Technical Support L1 - Saltillo Truck","Stefanini","Saltillo","Coa","México","nan","Remote",True,"!

  

En Stefanini somos más de 30\.000 genios, conectados desde 41 países, haciendo lo que les apasiona y co\; creando un futuro mejor.; Responsabilidades y atribuciones; Para enfrentar mejor estos desafíos, necesitas:","indeed","https://mx.indeed.com/viewjob?jk=861276f69aa8c1f3","2025-11-06","2025-11-06","practicas","Saltillo, Coahuila, Mexico","indeed"
"On-Site Technical Support L1 - Satillo Van","Stefanini","Saltillo","Coa","México","nan","Remote",True,"!

  

En Stefanini somos más de 30\.000 genios, conectados desde 41 países, haciendo lo que les apasiona y co\; creando un futuro mejor.; Responsabilidades y atribuciones; Para enfrentar mejor estos desafíos, necesitas:","indeed","https://mx.indeed.com/viewjob?jk=88a5e30b236b3705","2025-11-06","2025-11-06","practicas","Saltillo, Coahuila, Mexico","indeed"
"Operations Engineer Jr. 1","TENOVA INC","Monterrey","Nle","México","nan","On-site",True,"known TAKRAF and DELKOR brands – in the mining industries. Tenova leverages a workforce of over 2,200 forward\; thinking professionals located in 19 countries across 5 continents, who design technologies and develop services that he; Operations Engineer Jr.; (Ref.TN/PD\","indeed","https://mx.indeed.com/viewjob?jk=b586e006cd7650c6","2025-10-07","2025-11-06","internship","Saltillo, Coahuila, Mexico","indeed"
"soldador de microalambre","TLTERMINALS","Monterrey Centro","Nle","México","fulltime","On-site",True,"1\.Experiencia comprobada en soldadura con sistemas de medición avanzados. 2\.Capacidad demostrada de interpretar dibujos y realizar ensambles complejos. 3\.Conocimientos sólidos en la interpretación de WPS (Procedimientos Escritos de Soldadura). 4\.Experiencia práctica en soldadura Flux CORE","indeed","https://mx.indeed.com/viewjob?jk=47b3b55a8c1929a1","2025-11-05","2025-11-06","practicas","Saltillo, Coahuila, Mexico","indeed"
"Analista de Calidad","Talent-One","Monterrey","Nle","México","fulltime","On-site",True,"\-Estudios en Ingeniería en Industrias Alimentarias, Química o Industrial (Título indispensable) \-Manejo del idioma inglés avanzado (Indispensable) \-Experiencia en sistemas de Gestión de Calidad, BPM, Auditorías, Gestión de riesgos, Alérgenos. \-Experiencia de mínimo 6 meses a 1 año en área de ca…","indeed","https://mx.indeed.com/viewjob?jk=e8e9fb1fffeafb5e","2025-11-06","2025-11-06","practicas","Saltillo, Coahuila, Mexico","indeed"
"Auxiliar Contable","TalentoSOS SA DE CV","San Pedro Garza García","Nle","México","fulltime","On-site",True,"** de 20 a 35 Egresado de Contabilidad o carreras afines","indeed","https://mx.indeed.com/viewjob?jk=340ca3cedde98d03","2025-11-06","2025-11-06","practicas","Saltillo, Coahuila, Mexico","indeed"
"Ingeniero procesos PTAR","Teiter Construcciones Electromecanicas","San Pedro Garza García","Nle","México","fulltime","On-site",False,"Ingeniero de Procesos – Plantas de Tratamiento de Aguas Residuales (PTAR); : Ingeniería Ambiental / Ingeniería Sanitaria / Procesos; : Ingeniería Química, Ambiental o Sanitaria; Experiencia","indeed","https://mx.indeed.com/viewjob?jk=61fa19269c42da80","2025-11-06","2025-11-06","practicas","Saltillo, Coahuila, Mexico","indeed"
"Finance Intern PM Shift","Unilink Transportation","San Pedro Garza García","Nle","México","parttime","On-site",True,"DESCRIPTION; We’re looking for a Data Analytics Intern to support our pricing and analytics team in organizing, cleaning, and prepari; on experience in data analytics, transportation pricing, and predictive modeling within a fast\; paced freight brokerage environment.

You’ll work closely with expe…","indeed","https://mx.indeed.com/viewjob?jk=33336429b04a1fe5","2025-11-03","2025-11-06","internship","Saltillo, Coahuila, Mexico","indeed"
"Logistics Intern","Unilink Transportation","San Pedro Garza García","Nle","México","parttime","On-site",True,"DESCRIPTION; The Operations Intern is in charge of having communication with the shippers and/or receivers in order to create appoint; Communicate with shipper or receiver to create appts, mainly by email or portal; Weekly delivery of invoices to customer facility","indeed","https://mx.indeed.com/viewjob?jk=b9aa7ae59776871b","2025-11-03","2025-11-06","intern","Saltillo, Coahuila, Mexico","indeed"
"PRACTICANTE DE RECURSOS HUMANOS (SIN EXPERIENCIA)","Veertien","Monterrey Centro","Nle","México","parttime","On-site",True,"$8,000\.00 al mes

Horas previstas: 35 por semana

Lugar de trabajo: Empleo presencial","indeed","https://mx.indeed.com/viewjob?jk=d6bd9d46407ebb3a","2025-11-05","2025-11-06","practicante","Saltillo, Coahuila, Mexico","indeed"
"Practicante Abastecimientos","Villacero","Monterrey","Nle","México","fulltime","On-site",False,"* Cursando licenciatura en negocios internacionales, relaciones internacionales, ingeniería, etc. * 7mo semestre en adelante * Experiencia no necesaria Funciones: * Realizar OC, negociación con proveedores * Contacto con proveedores para seguimiento de entregas * Expeditar recepción de materiales *…","indeed","https://mx.indeed.com/viewjob?jk=21f9c5e560962642","2025-11-06","2025-11-06","practicante","Saltillo, Coahuila, Mexico","indeed"
"Manufacturing Engineering Systems Intern","Wabtec","Moderno Apodaca","Nle","México","fulltime","On-site",True,"Who will you be working with?; At Wabtec Corporation, we move and improve the world. We are a global technology leader and supplier of equipment, servi; How will you make a difference?; Working as an EMS Engineer, you will play a key role in the implementation of the EMS System. You will work close…","indeed","https://mx.indeed.com/viewjob?jk=545b25bd5413c71b","2025-10-15","2025-11-06","internship","Monterrey, Nuevo Leon, Mexico","indeed"
"PRACTICANTE DE INGENIERÍA","melter s.a. de c.v.","Apodaca","Nle","México","parttime","On-site",True,"Intermedio.  
¡Y muchas ganas de aprender y desarrollarte en nuestra empresa!

Principales funciones:  
\; Apoyo en control de documentos

\; Elaboración de croquis de ingeniería

\; Solicitud de materiales para fabricación

\","indeed","https://mx.indeed.com/viewjob?jk=53af77fd19816212","2025-11-05","2025-11-06","practicante","Monterrey, Nuevo Leon, Mexico","indeed"
"Mechanical Commissioning Engineer Analyst","nan","Guadalupe","Nle","México","fulltime","On-site",False,"** ============================= **This is What you Will Do in This Role:** * Review \& report feedback of site readiness Audits, Drawing Sets Commissioning Checkbook * Review Programming Tools * Attend meetings before travel with site lead/project manager. * Review Commissioning plan and Schedule.…","indeed","https://mx.indeed.com/viewjob?jk=7df18019ef2af4f3","2025-10-30","2025-11-06","internship","Monterrey, Nuevo Leon, Mexico","indeed"
"Mechanical Commissioning Engineer Analyst","nan","Guadalupe","Nle","México","fulltime","On-site",False,"** ============================= **This is What you Will Do in This Role:** * Review \& report feedback of site readiness Audits, Drawing Sets Commissioning Checkbook * Review Programming Tools * Attend meetings before travel with site lead/project manager. * Review Commissioning plan and Schedule.…","indeed","https://mx.indeed.com/viewjob?jk=272d00a6c32b4ee2","2025-10-19","2025-11-06","internship","Monterrey, Nuevo Leon, Mexico","indeed"
